frame,landmark,x,y,z,accuracy
0,Nose,0.009896010160446167,-0.23070558905601501,-0.4393593817949295,0.9997405409812927
0,Neck,0.0012953728437423706,-0.17441533505916595,-0.21178210526704788,0.9998947381973267
0,Right Shoulder,-0.040701061487197876,-0.1731579601764679,-0.2418874204158783,0.9999371767044067
0,Right Elbow,-0.06445246934890747,-0.08556634187698364,-0.2234625518321991,0.9945428371429443
0,Right Wrist,-0.055506378412246704,-0.004705637693405151,-0.3014681190252304,0.9754930138587952
0,Left Shoulder,0.04329180717468262,-0.175672709941864,-0.18167679011821747,0.9998522996902466
0,Left Elbow,0.04923781752586365,-0.09754222631454468,-0.1229049488902092,0.9520214200019836
0,Left Wrist,0.0593264102935791,-0.031097501516342163,-0.22373148798942566,0.9586617946624756
0,Right Hip,-0.022820085287094116,0.003547072410583496,-0.029671121388673782,0.9994961023330688
0,Right Knee,-0.021047353744506836,0.10809797048568726,0.015286517329514027,0.9650272130966187
0,Right Ankle,-0.013965398073196411,0.20892882347106934,0.22549167275428772,0.9552438855171204
0,Left Hip,0.022820085287094116,-0.003547072410583496,0.029671121388673782,0.9992573857307434
0,Left Knee,0.027438431978225708,0.09172827005386353,0.10782858729362488,0.8749732971191406
0,Left Ankle,0.014023005962371826,0.19409668445587158,0.3129187673330307,0.8895542621612549
0,Right Eye,0.0005753934383392334,-0.24152284860610962,-0.4283476024866104,0.9993103742599487
0,Left Eye,0.014540702104568481,-0.24453571438789368,-0.4218963235616684,0.9990084767341614
0,Right Ear,-0.00997382402420044,-0.2377815544605255,-0.3253554552793503,0.999010443687439
0,Left Ear,0.018932431936264038,-0.2432878017425537,-0.29363878071308136,0.9965831637382507
1,Nose,0.008938834071159363,-0.23072364926338196,-0.42146286834031343,0.9997453093528748
1,Neck,-8.346140384674072e-05,-0.17431668937206268,-0.20065805781632662,0.9998975396156311
1,Right Shoulder,-0.0425579696893692,-0.17276090383529663,-0.22688103187829256,0.9999388456344604
1,Right Elbow,-0.06438325345516205,-0.08541309833526611,-0.2041657017543912,0.9945838451385498
1,Right Wrist,-0.055409714579582214,-0.003793954849243164,-0.28649038542062044,0.9756258130073547
1,Left Shoulder,0.04239104688167572,-0.17587247490882874,-0.17443508375436068,0.9998562335968018
1,Left Elbow,0.04970841109752655,-0.09625464677810669,-0.11735591758042574,0.95264732837677
1,Left Wrist,0.058905377984046936,-0.031697243452072144,-0.2221894459798932,0.9576593041419983
1,Right Hip,-0.023114219307899475,0.0030962228775024414,-0.025416736491024494,0.9995068311691284
1,Right Knee,-0.020492032170295715,0.105648934841156,0.03455779608339071,0.9661673903465271
1,Right Ankle,-0.014163091778755188,0.20716196298599243,0.2656790865585208,0.9562111496925354
1,Left Hip,0.023114219307899475,-0.0030962228775024414,0.025416736491024494,0.9992859959602356
1,Left Knee,0.026307687163352966,0.10011929273605347,0.09451959561556578,0.8820201754570007
1,Left Ankle,0.01826883852481842,0.1971367597579956,0.3070945991203189,0.8947173357009888
1,Right Eye,-0.0004785507917404175,-0.24153725802898407,-0.4108771728351712,0.9993283748626709
1,Left Eye,0.013565197587013245,-0.24413076043128967,-0.4049243377521634,0.9990249872207642
1,Right Ear,-0.0109071284532547,-0.23805007338523865,-0.3112841295078397,0.9990475177764893
1,Left Ear,0.017976686358451843,-0.24261356890201569,-0.2817322062328458,0.9966329336166382
2,Nose,0.008233174681663513,-0.22933529317378998,-0.422865753993392,0.999758243560791
2,Neck,0.00012701749801635742,-0.17196319997310638,-0.20128256641328335,0.9999007284641266
2,Right Shoulder,-0.04306672513484955,-0.17203913629055023,-0.22375320456922054,0.9999409317970276
2,Right Elbow,-0.06264694035053253,-0.08449853956699371,-0.19018433056771755,0.9947749972343445
2,Right Wrist,-0.05502060055732727,-0.0027404874563217163,-0.26580226980149746,0.9765410423278809
2,Left Shoulder,0.04332076013088226,-0.17188726365566254,-0.17881192825734615,0.9998605251312256
2,Left Elbow,0.052198514342308044,-0.09176500141620636,-0.1290056761354208,0.9535126090049744
2,Left Wrist,0.06006993353366852,-0.029161080718040466,-0.24141929112374783,0.9552378058433533
2,Right Hip,-0.023638978600502014,0.0027740150690078735,-0.017681943252682686,0.9995111227035522
2,Right Knee,-0.0205487459897995,0.1045161634683609,0.039650632068514824,0.9666061997413635
2,Right Ankle,-0.013492420315742493,0.2067905217409134,0.2766386214643717,0.9553442001342773
2,Left Hip,0.023638978600502014,-0.0027740150690078735,0.017681943252682686,0.9993221163749695
2,Left Knee,0.025974497199058533,0.1021403819322586,-0.0025642705149948597,0.8901886343955994
2,Left Ankle,0.027326509356498718,0.2059406191110611,0.1847908142954111,0.9007930755615234
2,Right Eye,-0.0010513514280319214,-0.24023421108722687,-0.41217375360429287,0.9993610382080078
2,Left Eye,0.013011917471885681,-0.24231983721256256,-0.4073868449777365,0.9990732073783875
2,Right Ear,-0.011010780930519104,-0.23694470524787903,-0.31096125207841396,0.9990953803062439
2,Left Ear,0.017624840140342712,-0.2405981570482254,-0.2825118061155081,0.9968112707138062
3,Nose,0.009300142526626587,-0.22877149283885956,-0.4161999982316047,0.9997773170471191
3,Neck,-0.00025656819343566895,-0.1699177622795105,-0.19483289984054863,0.9999057650566101
3,Right Shoulder,-0.04400750994682312,-0.17083756625652313,-0.20965473470278084,0.9999421238899231
3,Right Elbow,-0.06177026033401489,-0.08333940804004669,-0.16700001177378,0.9947771430015564
3,Right Wrist,-0.055125072598457336,-0.0023978203535079956,-0.24358566221781075,0.9773246645927429
3,Left Shoulder,0.04349437355995178,-0.16899795830249786,-0.18001106497831643,0.9998694062232971
3,Left Elbow,0.05291584134101868,-0.08921314775943756,-0.13833119091577828,0.9555401802062988
3,Left Wrist,0.060609370470047,-0.024548664689064026,-0.25944219646044075,0.9548020362854004
3,Right Hip,-0.024585753679275513,0.0026351958513259888,-0.006071517476812005,0.9995175004005432
3,Right Knee,-0.02155342698097229,0.10758839547634125,0.05530789005570114,0.9678928256034851
3,Right Ankle,-0.014456033706665039,0.20671914517879486,0.28589622559957206,0.9567827582359314
3,Left Hip,0.024585753679275513,-0.0026351958513259888,0.006071517476812005,0.999362051486969
3,Left Knee,0.02688729763031006,0.11182431876659393,0.0033951348159462214,0.8996463418006897
3,Left Ankle,0.032501399517059326,0.21891318261623383,0.18168486538343132,0.9088227152824402
3,Right Eye,-6.392598152160645e-05,-0.23964837193489075,-0.40535937366075814,0.9994101524353027
3,Left Eye,0.013789564371109009,-0.24129173159599304,-0.4004137378651649,0.9991475343704224
3,Right Ear,-0.01016262173652649,-0.23590432107448578,-0.30482207355089486,0.9991657733917236
3,Left Ear,0.017965167760849,-0.23844893276691437,-0.2801986497361213,0.9970749616622925
4,Nose,0.007845908403396606,-0.22796939313411713,-0.4261441685957834,0.9997939467430115
4,Neck,-0.0010541975498199463,-0.16779662668704987,-0.20857513777446002,0.9999092817306519
4,Right Shoulder,-0.04533681273460388,-0.168960303068161,-0.21311754069756716,0.9999418258666992
4,Right Elbow,-0.06263893842697144,-0.08161333203315735,-0.16786176047753543,0.9946761131286621
4,Right Wrist,-0.056111231446266174,-0.001680999994277954,-0.24138285301160067,0.9776251912117004
4,Left Shoulder,0.04322841763496399,-0.16663295030593872,-0.20403273485135287,0.9998767375946045
4,Left Elbow,0.05219841003417969,-0.08482187986373901,-0.16986006579827517,0.9575566053390503
4,Left Wrist,0.06015753746032715,-0.02046993374824524,-0.2844702460570261,0.9535782337188721
4,Right Hip,-0.02511724829673767,0.002721458673477173,0.0018820894183591008,0.9995091557502747
4,Right Knee,-0.023653030395507812,0.11662787199020386,0.04679320298600942,0.9680860638618469
4,Right Ankle,-0.01626133918762207,0.20961332321166992,0.2680515489773825,0.9571147561073303
4,Left Hip,0.02511724829673767,-0.002721458673477173,-0.0018820894183591008,0.9993892908096313
4,Left Knee,0.025759100914001465,0.12039428949356079,-0.027870123158209026,0.9077262878417969
4,Left Ankle,0.03277015686035156,0.23392075300216675,0.12545637704897672,0.9158364534378052
4,Right Eye,-0.0009247362613677979,-0.2391337752342224,-0.41362123272847384,0.9994537830352783
4,Left Eye,0.012891203165054321,-0.2399868667125702,-0.411898807506077,0.9992146492004395
4,Right Ear,-0.010590434074401855,-0.2355158030986786,-0.30621989152859896,0.9992275834083557
4,Left Ear,0.01749354600906372,-0.23640690743923187,-0.29751567624043673,0.9973154067993164
5,Nose,0.0071144700050354,-0.22636796534061432,-0.47813220135867596,0.9998089671134949
5,Neck,-0.0004794895648956299,-0.16681940853595734,-0.23798868618905544,0.9999130666255951
5,Right Shoulder,-0.0452495813369751,-0.16705718636512756,-0.2312957476824522,0.9999421834945679
5,Right Elbow,-0.06271907687187195,-0.08012813329696655,-0.1802555602043867,0.9946789145469666
5,Right Wrist,-0.05663193762302399,-0.0011671483516693115,-0.25465054623782635,0.9778832197189331
5,Left Shoulder,0.04429060220718384,-0.1665816307067871,-0.24468162469565868,0.9998839497566223
5,Left Elbow,0.05303233861923218,-0.08150210976600647,-0.20234413258731365,0.9591134190559387
5,Left Wrist,0.05995762348175049,-0.016616463661193848,-0.30476380698382854,0.9489938616752625
5,Right Hip,-0.025485128164291382,0.0022616684436798096,0.010161325335502625,0.9994817972183228
5,Right Knee,-0.02579677104949951,0.11895406246185303,0.07547115720808506,0.9682976007461548
5,Right Ankle,-0.0192621648311615,0.20949304103851318,0.30580498464405537,0.957187831401825
5,Left Hip,0.025485128164291382,-0.0022616684436798096,-0.010161325335502625,0.9994162917137146
5,Left Knee,0.024748802185058594,0.12221777439117432,-0.06299078278243542,0.9156673550605774
5,Left Ankle,0.03442025184631348,0.24125897884368896,0.08237131871283054,0.9230485558509827
5,Right Eye,-0.0008924305438995361,-0.23764915764331818,-0.46608282439410686,0.9994939565658569
5,Left Eye,0.012651532888412476,-0.2376657873392105,-0.46488876454532146,0.9992757439613342
5,Right Ear,-0.010187745094299316,-0.23489823937416077,-0.3520496916025877,0.9992839097976685
5,Left Ear,0.018175780773162842,-0.23400256037712097,-0.34799988381564617,0.9975354671478271
6,Nose,0.010465174913406372,-0.2245907187461853,-0.46650268603116274,0.9998146891593933
6,Neck,0.00041250884532928467,-0.16618694365024567,-0.23317462671548128,0.99991375207901
6,Right Shoulder,-0.04480159282684326,-0.16656796634197235,-0.23301332164555788,0.9999397397041321
6,Right Elbow,-0.06282177567481995,-0.0808161050081253,-0.1832124488428235,0.9945175647735596
6,Right Wrist,-0.05621851980686188,-0.002262815833091736,-0.2536077992990613,0.9773899912834167
6,Left Shoulder,0.04562661051750183,-0.16580592095851898,-0.23333593178540468,0.9998877644538879
6,Left Elbow,0.05255615711212158,-0.08020593225955963,-0.1809628950431943,0.9593826532363892
6,Left Wrist,0.060862183570861816,-0.013618484139442444,-0.2771133380010724,0.9422854781150818
6,Right Hip,-0.025142788887023926,0.00204448401927948,0.01034778542816639,0.9994191527366638
6,Right Knee,-0.027770578861236572,0.11489854753017426,0.07405247818678617,0.9658102989196777
6,Right Ankle,-0.021298348903656006,0.20661477744579315,0.2923211557790637,0.9541740417480469
6,Left Hip,0.025142788887023926,-0.00204448401927948,-0.01034778542816639,0.999422550201416
6,Left Knee,0.0230940580368042,0.12156186997890472,-0.05041506979614496,0.9218389391899109
6,Left Ankle,0.0353122353553772,0.24295674264431,0.08008069079369307,0.928765594959259
6,Right Eye,0.0021589994430541992,-0.23608466982841492,-0.4558386104181409,0.9995114207267761
6,Left Eye,0.01608899235725403,-0.235269695520401,-0.4527250723913312,0.9993069767951965
6,Right Ear,-0.0078067779541015625,-0.23425889015197754,-0.3483789162710309,0.9993114471435547
6,Left Ear,0.019795656204223633,-0.23309573531150818,-0.33502178359776735,0.9976659417152405
7,Nose,0.017640605568885803,-0.218186616897583,-0.4980201907455921,0.9998133182525635
7,Neck,0.0016528964042663574,-0.1669648289680481,-0.25301285460591316,0.9999164044857025
7,Right Shoulder,-0.04360891878604889,-0.16807183623313904,-0.2546163387596607,0.9999391436576843
7,Right Elbow,-0.06210048496723175,-0.08226272463798523,-0.19913120940327644,0.9943953156471252
7,Right Wrist,-0.055531784892082214,-0.0030978918075561523,-0.26464148238301277,0.9769212603569031
7,Left Shoulder,0.046914711594581604,-0.16585782170295715,-0.2514093704521656,0.9998936653137207
7,Left Elbow,0.05397503077983856,-0.08254802227020264,-0.1902754195034504,0.9593017101287842
7,Left Wrist,0.06160162389278412,-0.014520734548568726,-0.27798112109303474,0.9351418018341064
7,Right Hip,-0.02487422525882721,0.0017352104187011719,0.013134590350091457,0.9993263483047485
7,Right Knee,-0.029690876603126526,0.1137160062789917,0.0864238478243351,0.9630079865455627
7,Right Ankle,-0.02358473837375641,0.20237088203430176,0.30537835881114006,0.9513135552406311
7,Left Hip,0.02487422525882721,-0.0017352104187011719,-0.013134590350091457,0.9994233250617981
7,Left Knee,0.021411195397377014,0.11929100751876831,-0.05907691642642021,0.9278422594070435
7,Left Ankle,0.03755559027194977,0.24263226985931396,0.0619671456515789,0.9343448877334595
7,Right Eye,0.008285298943519592,-0.2315501570701599,-0.49081842973828316,0.9995120167732239
7,Left Eye,0.022421255707740784,-0.23110060393810272,-0.48619868233799934,0.9993101954460144
7,Right Ear,-0.003302827477455139,-0.23242893815040588,-0.3836221881210804,0.9993245601654053
7,Left Ear,0.024007514119148254,-0.2313704788684845,-0.3638782687485218,0.9977297782897949
8,Nose,0.022123277187347412,-0.21766050159931183,-0.4894058955833316,0.9998098015785217
8,Neck,0.003952577710151672,-0.16837255656719208,-0.2462846739217639,0.999918520450592
8,Right Shoulder,-0.04154706001281738,-0.17033974826335907,-0.24801370035856962,0.9999373555183411
8,Right Elbow,-0.060534924268722534,-0.0838693231344223,-0.1967461360618472,0.9940651059150696
8,Right Wrist,-0.05440826714038849,-0.0023183077573776245,-0.2649488104507327,0.9760593175888062
8,Left Shoulder,0.04945221543312073,-0.16640536487102509,-0.24455564748495817,0.999899685382843
8,Left Elbow,0.055601030588150024,-0.08549390733242035,-0.18331087660044432,0.9597540497779846
8,Left Wrist,0.06313031911849976,-0.016450390219688416,-0.27093767654150724,0.9299798607826233
8,Right Hip,-0.025331735610961914,0.0011615604162216187,0.018976296298205853,0.9991788268089294
8,Right Knee,-0.030939489603042603,0.11580733954906464,0.09706737566739321,0.9565461874008179
8,Right Ankle,-0.02513262629508972,0.20274357497692108,0.30892295110970736,0.9450490474700928
8,Left Hip,0.025331735610961914,-0.0011615604162216187,-0.018976296298205853,0.9994090795516968
8,Left Knee,0.02192509174346924,0.12170128524303436,-0.06187118496745825,0.9327442049980164
8,Left Ankle,0.03678897023200989,0.24738799035549164,0.05003661382943392,0.9387245178222656
8,Right Eye,0.012453138828277588,-0.23241382837295532,-0.4819029523059726,0.9995096325874329
8,Left Eye,0.027715086936950684,-0.23173877596855164,-0.4771137489005923,0.9993110299110413
8,Right Ear,0.0007109642028808594,-0.23400871455669403,-0.3745158864185214,0.9993365406990051
8,Left Ear,0.02879112958908081,-0.23236994445323944,-0.35415720473974943,0.9978054165840149
9,Nose,0.029388532042503357,-0.2227804809808731,-0.4774487791582942,0.9997957944869995
9,Neck,0.006798416376113892,-0.16997668147087097,-0.24127675127238035,0.9999196231365204
9,Right Shoulder,-0.03884710371494293,-0.1736787110567093,-0.2468541143462062,0.9999351501464844
9,Right Elbow,-0.05884265899658203,-0.08598007261753082,-0.19714632909744978,0.9940414428710938
9,Right Wrist,-0.05340604484081268,-0.003398701548576355,-0.2730263052508235,0.9755959510803223
9,Left Shoulder,0.052443936467170715,-0.16627465188503265,-0.23569938819855452,0.9999040961265564
9,Left Elbow,0.057704582810401917,-0.0861915796995163,-0.18967227917164564,0.9592880010604858
9,Left Wrist,0.06323800981044769,-0.018090292811393738,-0.29464255552738905,0.9235936403274536
9,Right Hip,-0.02551726996898651,0.0005268305540084839,0.01702394988387823,0.999112069606781
9,Right Knee,-0.0323779433965683,0.11632566154003143,0.10867979098111391,0.9530807733535767
9,Right Ankle,-0.026729539036750793,0.19851945340633392,0.3558855475857854,0.9388575553894043
9,Left Hip,0.02551726996898651,-0.0005268305540084839,-0.01702394988387823,0.9994192123413086
9,Left Knee,0.024062618613243103,0.12438736855983734,-0.08260907512158155,0.9379122257232666
9,Left Ankle,0.03738076984882355,0.24807403981685638,0.03513236436992884,0.9430898427963257
9,Right Eye,0.01998056471347809,-0.23718906939029694,-0.4686100063845515,0.9994757771492004
9,Left Eye,0.03377069532871246,-0.23676052689552307,-0.46373971085995436,0.9992707371711731
9,Right Ear,0.0075323134660720825,-0.2375205159187317,-0.3613358912989497,0.9993098378181458
9,Left Ear,0.03299249708652496,-0.23628874123096466,-0.3405307410284877,0.9977575540542603
10,Nose,0.03591682016849518,-0.22592732310295105,-0.4599157818593085,0.9997751712799072
10,Neck,0.009729117155075073,-0.1714707612991333,-0.2320533492602408,0.9999193549156189
10,Right Shoulder,-0.036050841212272644,-0.1782371550798416,-0.24598836386576295,0.9999334216117859
10,Right Elbow,-0.05746199190616608,-0.08889608085155487,-0.20840385043993592,0.9940822720527649
10,Right Wrist,-0.05253271758556366,-0.003634616732597351,-0.28708877647295594,0.9750404357910156
10,Left Shoulder,0.05550907552242279,-0.164704367518425,-0.21811833465471864,0.9999052882194519
10,Left Elbow,0.05920739471912384,-0.08408735692501068,-0.1732803382910788,0.9572773575782776
10,Left Wrist,0.062103912234306335,-0.013388022780418396,-0.28363149845972657,0.9143688082695007
10,Right Hip,-0.02584494650363922,-0.00012381374835968018,0.012428320478647947,0.9990733861923218
10,Right Knee,-0.03394190967082977,0.11526899039745331,0.09030996775254607,0.9505675435066223
10,Right Ankle,-0.029156163334846497,0.19614408910274506,0.3513718000613153,0.9316519498825073
10,Left Hip,0.02584494650363922,0.00012381374835968018,-0.012428320478647947,0.9994280338287354
10,Left Knee,0.025699779391288757,0.12447766959667206,-0.07358260685577989,0.9422696828842163
10,Left Ankle,0.03625963628292084,0.2482820600271225,0.058495049830526114,0.9464359283447266
10,Right Eye,0.02692408859729767,-0.24030502140522003,-0.45470532262697816,0.9994267225265503
10,Left Eye,0.038623109459877014,-0.23966345191001892,-0.44469919288530946,0.9991965889930725
10,Right Ear,0.012611612677574158,-0.2404518574476242,-0.35617857659235597,0.9992590546607971
10,Left Ear,0.03558121621608734,-0.23895399272441864,-0.3194990702904761,0.9975811243057251
11,Nose,0.04324568808078766,-0.23009823262691498,-0.40799649769905955,0.9997351169586182
11,Neck,0.010606437921524048,-0.17243455350399017,-0.20875089580658823,0.9999140799045563
11,Right Shoulder,-0.03551892936229706,-0.18069374561309814,-0.24762224371079355,0.9999287724494934
11,Right Elbow,-0.05828337371349335,-0.09071573615074158,-0.21737716312054545,0.9941462874412537
11,Right Wrist,-0.05415041744709015,-0.004915803670883179,-0.28509666735772043,0.9744698405265808
11,Left Shoulder,0.056731805205345154,-0.1641753613948822,-0.1698795479023829,0.9998993873596191
11,Left Elbow,0.05837710201740265,-0.08020269870758057,-0.10306081885937601,0.9513150453567505
11,Left Wrist,0.06152684986591339,-0.00923052430152893,-0.20786700362805277,0.8999756574630737
11,Right Hip,-0.02590097486972809,-0.00044599175453186035,-0.002839930239133537,0.9990390539169312
11,Right Knee,-0.03413225710391998,0.11730828881263733,0.06285054271575063,0.9497756361961365
11,Right Ankle,-0.03193868696689606,0.19758406281471252,0.3278258222853765,0.9266193509101868
11,Left Hip,0.02590097486972809,0.00044599175453186035,0.002839930239133537,0.9994248151779175
11,Left Knee,0.025029167532920837,0.12381884455680847,-0.04985605145338923,0.9462319016456604
11,Left Ankle,0.0316975861787796,0.24625524878501892,0.08337592368479818,0.9486712217330933
11,Right Eye,0.034226879477500916,-0.2441447228193283,-0.40788390452507883,0.9993350505828857
11,Left Eye,0.0433974415063858,-0.24340127408504486,-0.3922015350544825,0.9990402460098267
11,Right Ear,0.017001375555992126,-0.2432301789522171,-0.34257432038430125,0.9991661310195923
11,Left Ear,0.03690652549266815,-0.2414248138666153,-0.2709574323380366,0.9972038865089417
12,Nose,0.04769511520862579,-0.23142148554325104,-0.2969472408294678,0.999667227268219
12,Neck,0.008380115032196045,-0.1738726645708084,-0.1525382325053215,0.999911367893219
12,Right Shoulder,-0.03682820498943329,-0.1808295100927353,-0.2387237399816513,0.9999271631240845
12,Right Elbow,-0.06085829436779022,-0.09066261351108551,-0.21357081830501556,0.9943812489509583
12,Right Wrist,-0.05656211078166962,-0.004318550229072571,-0.2619000971317291,0.9751887917518616
12,Left Shoulder,0.05358843505382538,-0.16691581904888153,-0.0663527250289917,0.9998955726623535
12,Left Elbow,0.05709807574748993,-0.08414901793003082,0.0037497133016586304,0.9406991004943848
12,Left Wrist,0.06054671108722687,-0.012215867638587952,-0.10501790791749954,0.8858187198638916
12,Right Hip,-0.0250137597322464,-0.0010432153940200806,-0.033286452293395996,0.999019980430603
12,Right Knee,-0.03376494348049164,0.11957870423793793,0.017783556133508682,0.9489272832870483
12,Right Ankle,-0.03689156472682953,0.19872920215129852,0.29667699337005615,0.917915940284729
12,Left Hip,0.0250137597322464,0.0010432153940200806,0.033286452293395996,0.9994257688522339
12,Left Knee,0.02204020321369171,0.12678872048854828,-0.027375981211662292,0.9497004151344299
12,Left Ankle,0.024569228291511536,0.25029151141643524,0.09732967615127563,0.9501876831054688
12,Right Eye,0.03918887674808502,-0.2451373040676117,-0.3063916563987732,0.9992296695709229
12,Left Eye,0.04570753872394562,-0.2445019781589508,-0.2807488739490509,0.9988475441932678
12,Right Ear,0.019612029194831848,-0.24373385310173035,-0.2856883704662323,0.9991021156311035
12,Left Ear,0.03550375998020172,-0.2418268471956253,-0.16915448009967804,0.9967274069786072
13,Nose,0.05225934088230133,-0.2343682497739792,-0.27557360380887985,0.9995893836021423
13,Neck,0.009719684720039368,-0.17585261166095734,-0.13903422839939594,0.9999088943004608
13,Right Shoulder,-0.034788861870765686,-0.1834416389465332,-0.22825977951288223,0.9999260306358337
13,Right Elbow,-0.060389772057533264,-0.09291163086891174,-0.21128655225038528,0.9946646690368652
13,Right Wrist,-0.056009843945503235,-0.0064241886138916016,-0.25148727744817734,0.9760503172874451
13,Left Shoulder,0.05422823131084442,-0.16826358437538147,-0.04980867728590965,0.9998917579650879
13,Left Elbow,0.05735810101032257,-0.0850726068019867,0.006945689208805561,0.927307665348053
13,Left Wrist,0.06081654131412506,-0.015172839164733887,-0.11637518554925919,0.8723632097244263
13,Right Hip,-0.024861350655555725,-0.0017434358596801758,-0.03983040899038315,0.9990379810333252
13,Right Knee,-0.03384636342525482,0.117372065782547,0.03536080941557884,0.945443332195282
13,Right Ankle,-0.04030360281467438,0.19283458590507507,0.3631235733628273,0.901757538318634
13,Left Hip,0.024861350655555725,0.0017434358596801758,0.03983040899038315,0.9994559288024902
13,Left Knee,0.021806910634040833,0.12531527876853943,-0.029719682410359383,0.9522498250007629
13,Left Ankle,0.020796343684196472,0.24958285689353943,0.10092507302761078,0.9511476159095764
13,Right Eye,0.04434533417224884,-0.24804705381393433,-0.2844450995326042,0.9990835785865784
13,Left Eye,0.05047662556171417,-0.2473152130842209,-0.25856863707304,0.9986060857772827
13,Right Ear,0.02375786006450653,-0.24658676981925964,-0.26540573686361313,0.9989988803863525
13,Left Ear,0.03909049928188324,-0.2442675083875656,-0.14765166491270065,0.9959067702293396
14,Nose,0.05627988278865814,-0.23545262217521667,-0.26533531211316586,0.9995499849319458
14,Neck,0.009412810206413269,-0.17619673907756805,-0.13875988498330116,0.9999092519283295
14,Right Shoulder,-0.03362356126308441,-0.18483704328536987,-0.2341435607522726,0.9999275207519531
14,Right Elbow,-0.061258479952812195,-0.09395343065261841,-0.2337621357291937,0.9949780106544495
14,Right Wrist,-0.05620957911014557,-0.006383568048477173,-0.27549161575734615,0.9772665500640869
14,Left Shoulder,0.05244918167591095,-0.16755643486976624,-0.04337620921432972,0.9998909831047058
14,Left Elbow,0.05559442937374115,-0.08353787660598755,0.016329599544405937,0.9125688076019287
14,Left Wrist,0.059542492032051086,-0.012292981147766113,-0.09797817282378674,0.8599495887756348
14,Right Hip,-0.024706974625587463,-0.002174884080886841,-0.04486684687435627,0.9990806579589844
14,Right Knee,-0.033641085028648376,0.11714845895767212,0.04289829917252064,0.9451097846031189
14,Right Ankle,-0.045456066727638245,0.1810179352760315,0.3929088804870844,0.8910506963729858
14,Left Hip,0.024706974625587463,0.002174884080886841,0.04486684687435627,0.9994947910308838
14,Left Knee,0.0194522887468338,0.1258770227432251,-0.02818312868475914,0.9553923010826111
14,Left Ankle,0.015428528189659119,0.24921154975891113,0.11979922093451023,0.9533673524856567
14,Right Eye,0.049263402819633484,-0.24931848049163818,-0.27670188806951046,0.9990227818489075
14,Left Eye,0.053594693541526794,-0.24816679954528809,-0.24850294552743435,0.9984914660453796
14,Right Ear,0.028671488165855408,-0.24801507592201233,-0.2686077859252691,0.9989645481109619
14,Left Ear,0.04037569463253021,-0.24507515132427216,-0.14072608016431332,0.9955260157585144
15,Nose,0.05800497531890869,-0.23634567856788635,-0.26093797385692596,0.9995419383049011
15,Neck,0.0106278657913208,-0.17735053598880768,-0.14476482942700386,0.999912291765213
15,Right Shoulder,-0.03106623888015747,-0.18685074150562286,-0.24608129262924194,0.999930739402771
15,Right Elbow,-0.06093168258666992,-0.09586997330188751,-0.25221018493175507,0.9953082203865051
15,Right Wrist,-0.054509133100509644,-0.007050648331642151,-0.2959830015897751,0.9785851836204529
15,Left Shoulder,0.05232197046279907,-0.1678503304719925,-0.04344836622476578,0.999893844127655
15,Left Elbow,0.05478847026824951,-0.08292336761951447,0.013375559821724892,0.8983467221260071
15,Left Wrist,0.058595240116119385,-0.012494996190071106,-0.10008291900157928,0.851966917514801
15,Right Hip,-0.024323195219039917,-0.0021872669458389282,-0.04977791756391525,0.999142050743103
15,Right Knee,-0.027617216110229492,0.11697311699390411,0.05579855293035507,0.9451102614402771
15,Right Ankle,-0.04892921447753906,0.17347212135791779,0.41899140179157257,0.8834721446037292
15,Left Hip,0.024323195219039917,0.0021872669458389282,0.04977791756391525,0.9995377659797668
15,Left Knee,0.01771855354309082,0.12494154274463654,-0.002423285273835063,0.9577573537826538
15,Left Ankle,0.012640774250030518,0.24745489656925201,0.1551002711057663,0.9555214643478394
15,Right Eye,0.0512847900390625,-0.2507821172475815,-0.27370892465114594,0.9990100860595703
15,Left Eye,0.05539509654045105,-0.24915814399719238,-0.244808629155159,0.9984621405601501
15,Right Ear,0.03172120451927185,-0.2498096227645874,-0.2714202553033829,0.998959481716156
15,Left Ear,0.04211881756782532,-0.24622435867786407,-0.13987910747528076,0.9953523874282837
16,Nose,0.058144792914390564,-0.23657844960689545,-0.24348553456366062,0.9995372891426086
16,Neck,0.008524000644683838,-0.17946355044841766,-0.1399463266134262,0.9999163746833801
16,Right Shoulder,-0.03225429356098175,-0.1886843889951706,-0.24948867596685886,0.9999347925186157
16,Right Elbow,-0.06357826292514801,-0.09743906557559967,-0.25886490382254124,0.9956244230270386
16,Right Wrist,-0.05484838783740997,-0.0072922855615615845,-0.3021373990923166,0.9801306128501892
16,Left Shoulder,0.049302294850349426,-0.17024271190166473,-0.030403977259993553,0.9998979568481445
16,Left Elbow,0.05309157073497772,-0.08508951961994171,0.018399307504296303,0.8865710496902466
16,Left Wrist,0.057508960366249084,-0.016201719641685486,-0.10503501631319523,0.8502278923988342
16,Right Hip,-0.024162039160728455,-0.0016600042581558228,-0.05486059747636318,0.9992005228996277
16,Right Knee,-0.026846840977668762,0.12230201065540314,0.04478147439658642,0.9454522132873535
16,Right Ankle,-0.05254219472408295,0.17336608469486237,0.38956222496926785,0.8786190748214722
16,Left Hip,0.024162039160728455,0.0016600042581558228,0.05486059747636318,0.9995764493942261
16,Left Knee,0.014355286955833435,0.12959899008274078,0.026134103536605835,0.9591931104660034
16,Left Ankle,0.008403375744819641,0.24687625467777252,0.19602752290666103,0.9567559957504272
16,Right Eye,0.05211000144481659,-0.25169192254543304,-0.2587569896131754,0.9990147352218628
16,Left Eye,0.055770620703697205,-0.2495848536491394,-0.22796174325048923,0.9984462857246399
16,Right Ear,0.03205089271068573,-0.25157421827316284,-0.2670443896204233,0.9989833831787109
16,Left Ear,0.04169087111949921,-0.2474561482667923,-0.1260679755359888,0.9952305555343628
17,Nose,0.05830445885658264,-0.23461946845054626,-0.24780669435858727,0.9995490312576294
17,Neck,0.0076126158237457275,-0.1806318163871765,-0.14637593738734722,0.9999203085899353
17,Right Shoulder,-0.03268250823020935,-0.1894133985042572,-0.2664814554154873,0.9999394416809082
17,Right Elbow,-0.0651516318321228,-0.0963747501373291,-0.2777039371430874,0.9959374666213989
17,Right Wrist,-0.055180639028549194,-0.006380945444107056,-0.31404977664351463,0.9816996455192566
17,Left Shoulder,0.047907739877700806,-0.17185023427009583,-0.026270419359207153,0.9999011754989624
17,Left Elbow,0.05290985107421875,-0.08588787913322449,0.043308354914188385,0.8736132979393005
17,Left Wrist,0.058849841356277466,-0.015531688928604126,-0.05054960027337074,0.8468963503837585
17,Right Hip,-0.02385672926902771,-0.0012447535991668701,-0.06532358005642891,0.9992452263832092
17,Right Knee,-0.024544239044189453,0.125776469707489,0.007568926550447941,0.9476947784423828
17,Right Ankle,-0.056192368268966675,0.17876547574996948,0.3214702047407627,0.8822250962257385
17,Left Hip,0.02385672926902771,0.0012447535991668701,0.06532358005642891,0.9996062517166138
17,Left Knee,0.011856704950332642,0.1309494972229004,0.058265570551157,0.959210216999054
17,Left Ankle,0.005546659231185913,0.24839770793914795,0.22524802759289742,0.9575967788696289
17,Right Eye,0.05345764756202698,-0.24976246058940887,-0.26406770572066307,0.9990561604499817
17,Left Eye,0.05637037754058838,-0.24750575423240662,-0.23236246034502983,0.9984832406044006
17,Right Ear,0.03461816906929016,-0.25125348567962646,-0.2755802236497402,0.9990352988243103
17,Left Ear,0.04254710674285889,-0.24684254825115204,-0.13105526193976402,0.9952564239501953
18,Nose,0.05597497522830963,-0.23412349820137024,-0.2337711974978447,0.9995861053466797
18,Neck,0.005377531051635742,-0.18144722282886505,-0.13451408821856603,0.9999255537986755
18,Right Shoulder,-0.033232077956199646,-0.18971385061740875,-0.26972445100545883,0.9999446868896484
18,Right Elbow,-0.06736554205417633,-0.09571532905101776,-0.28301217406988144,0.9962568283081055
18,Right Wrist,-0.054606303572654724,-0.004450753331184387,-0.313021682202816,0.983235239982605
18,Left Shoulder,0.04398714005947113,-0.17318059504032135,0.0006962745683267713,0.9999064207077026
18,Left Elbow,0.04870207607746124,-0.08558528125286102,0.07824314385652542,0.8573757410049438
18,Left Wrist,0.05915363132953644,-0.014432474970817566,-0.006606783717870712,0.8474628925323486
18,Right Hip,-0.022241219878196716,-0.0006681531667709351,-0.08182309567928314,0.9992966651916504
18,Right Knee,-0.022690430283546448,0.12983743846416473,-0.049190983176231384,0.9520553350448608
18,Right Ankle,-0.060645416378974915,0.18643413484096527,0.22230709344148636,0.8914880156517029
18,Left Hip,0.022241219878196716,0.0006681531667709351,0.08182309567928314,0.9996342658996582
18,Left Knee,0.010211661458015442,0.13300375640392303,0.09453849494457245,0.9585474729537964
18,Left Ankle,0.0011646300554275513,0.25018177926540375,0.2633936181664467,0.958777666091919
18,Right Eye,0.051435962319374084,-0.24900518357753754,-0.2503953203558922,0.9991381168365479
18,Left Eye,0.05447845160961151,-0.2466510832309723,-0.2174813374876976,0.9986094832420349
18,Right Ear,0.03292267024517059,-0.2512906640768051,-0.26690616458654404,0.9991214275360107
18,Left Ear,0.040653154253959656,-0.24688687920570374,-0.11403194814920425,0.9956241250038147
19,Nose,0.053732991218566895,-0.23323309421539307,-0.201744232326746,0.9996097683906555
19,Neck,0.004164159297943115,-0.1825454831123352,-0.11797343101352453,0.9999285936355591
19,Right Shoulder,-0.03232923150062561,-0.19072312116622925,-0.2637978233397007,0.9999490976333618
19,Right Elbow,-0.06711995601654053,-0.09790956974029541,-0.27748769894242287,0.9965322017669678
19,Right Wrist,-0.05391666293144226,-0.0060936808586120605,-0.30695662274956703,0.984587550163269
19,Left Shoulder,0.04065755009651184,-0.17436784505844116,0.027850961312651634,0.9999080896377563
19,Left Elbow,0.04492747783660889,-0.08743852376937866,0.10553805902600288,0.8310707807540894
19,Left Wrist,0.05781865119934082,-0.01600128412246704,0.02291315235197544,0.8443489074707031
19,Right Hip,-0.020904719829559326,-0.0013896524906158447,-0.08770536258816719,0.999335765838623
19,Right Knee,-0.01769241690635681,0.12780973315238953,-0.048640284687280655,0.9557391405105591
19,Right Ankle,-0.059403181076049805,0.19751432538032532,0.18982629105448723,0.9006631970405579
19,Left Hip,0.020904719829559326,0.0013896524906158447,0.08770536258816719,0.9996537566184998
19,Left Knee,0.007982045412063599,0.13375577330589294,0.11967013403773308,0.9548386335372925
19,Left Ankle,-0.003246903419494629,0.2499154508113861,0.3030659817159176,0.9585751295089722
19,Right Eye,0.049221813678741455,-0.2479121834039688,-0.21920998767018318,0.9991941452026367
19,Left Eye,0.05276072025299072,-0.24548371136188507,-0.18551244214177132,0.9986868500709534
19,Right Ear,0.03154444694519043,-0.25072701275348663,-0.24193857982754707,0.9991846680641174
19,Left Ear,0.039307206869125366,-0.24642373621463776,-0.08521562442183495,0.9958184361457825
20,Nose,0.05277049541473389,-0.23316776752471924,-0.2321593351662159,0.999599277973175
20,Neck,0.0018102675676345825,-0.18441392481327057,-0.1400591826532036,0.9999253153800964
20,Right Shoulder,-0.03511020541191101,-0.19229328632354736,-0.27489062026143074,0.9999532103538513
20,Right Elbow,-0.06519350409507751,-0.09858784079551697,-0.29650797322392464,0.9966979026794434
20,Right Wrist,-0.048913270235061646,-0.006271272897720337,-0.3239334113895893,0.9855222105979919
20,Left Shoulder,0.038730740547180176,-0.17653456330299377,-0.005227745044976473,0.9998974204063416
20,Left Elbow,0.04274791479110718,-0.08772480487823486,0.07221202179789543,0.7948856353759766
20,Left Wrist,0.05494934320449829,-0.018308907747268677,-0.005724218208342791,0.8241034150123596
20,Right Hip,-0.020599961280822754,-0.0017616748809814453,-0.08572826907038689,0.9993693232536316
20,Right Knee,-0.010744929313659668,0.1254866123199463,-0.03601508587598801,0.958358108997345
20,Right Ankle,-0.054473876953125,0.20776212215423584,0.18611138686537743,0.9088581204414368
20,Left Hip,0.020599961280822754,0.0017616748809814453,0.08572826907038689,0.9996495246887207
20,Left Knee,0.004934906959533691,0.1306825876235962,0.16436007246375084,0.9442604184150696
20,Left Ankle,-0.013648748397827148,0.24465268850326538,0.3606516532599926,0.9544556140899658
20,Right Eye,0.048749059438705444,-0.24798810482025146,-0.24907710030674934,0.9992076754570007
20,Left Eye,0.052278995513916016,-0.24529477953910828,-0.2170834131538868,0.9986363053321838
20,Right Ear,0.031194865703582764,-0.251254066824913,-0.2609185464680195,0.9992114305496216
20,Left Ear,0.03862982988357544,-0.24652276933193207,-0.11813412979245186,0.9955583214759827
21,Nose,0.049940451979637146,-0.2359369397163391,-0.19979826733469963,0.9996013641357422
21,Neck,-0.0018331408500671387,-0.18778879940509796,-0.11762028187513351,0.9999246001243591
21,Right Shoulder,-0.03747652471065521,-0.19464528560638428,-0.2677469961345196,0.9999572038650513
21,Right Elbow,-0.06563903391361237,-0.10203540325164795,-0.2921217791736126,0.9968613982200623
21,Right Wrist,-0.05080728232860565,-0.010597378015518188,-0.3252813033759594,0.9864291548728943
21,Left Shoulder,0.033810243010520935,-0.18093231320381165,0.03250643238425255,0.999891996383667
21,Left Elbow,0.03833244740962982,-0.09168785810470581,0.10270059481263161,0.758073627948761
21,Left Wrist,0.053905025124549866,-0.022340387105941772,0.011235224083065987,0.8080328106880188
21,Right Hip,-0.018511101603507996,-0.001149594783782959,-0.09514519944787025,0.9993922710418701
21,Right Knee,-0.009425684809684753,0.12786978483200073,-0.080991480499506,0.9600401520729065
21,Right Ankle,-0.047475650906562805,0.23372101783752441,0.05096415802836418,0.9160359501838684
21,Left Hip,0.018511101603507996,0.001149594783782959,0.09514519944787025,0.9996002912521362
21,Left Knee,-0.0031259506940841675,0.12801522016525269,0.20287831500172615,0.922360897064209
21,Left Ankle,-0.02598722279071808,0.2389710545539856,0.3720000572502613,0.9470604062080383
21,Right Eye,0.04588685929775238,-0.25108520686626434,-0.21865687891840935,0.9992385506629944
21,Left Eye,0.04934994876384735,-0.2483731359243393,-0.18359391018748283,0.9986391067504883
21,Right Ear,0.028507813811302185,-0.25454722344875336,-0.2463054470717907,0.9992502331733704
21,Left Ear,0.03542684018611908,-0.24999220669269562,-0.08489739522337914,0.9954883456230164
22,Nose,0.051811277866363525,-0.23834024369716644,-0.22628078237175941,0.9995557069778442
22,Neck,-0.0009333193302154541,-0.19140051305294037,-0.13442382775247097,0.9999034702777863
22,Right Shoulder,-0.035016536712646484,-0.19687063992023468,-0.2920623607933521,0.9999607801437378
22,Right Elbow,-0.06262260675430298,-0.10451622307300568,-0.32753242924809456,0.9969852566719055
22,Right Wrist,-0.042999833822250366,-0.01417936384677887,-0.36262090876698494,0.9871626496315002
22,Left Shoulder,0.033149898052215576,-0.18593038618564606,0.023214705288410187,0.9998461604118347
22,Left Elbow,0.035171449184417725,-0.09625096619129181,0.10066463425755501,0.7026854157447815
22,Left Wrist,0.05113831162452698,-0.027997896075248718,0.010122460313141346,0.7661730647087097
22,Right Hip,-0.01745891571044922,-0.000494346022605896,-0.10155178979039192,0.9994041323661804
22,Right Knee,-0.0059119462966918945,0.12944884598255157,-0.07983878627419472,0.9613872766494751
22,Right Ankle,-0.03690937161445618,0.24945421516895294,0.04590253904461861,0.9222220778465271
22,Left Hip,0.01745891571044922,0.000494346022605896,0.10155178979039192,0.9994330406188965
22,Left Knee,-0.0024341046810150146,0.12365372478961945,0.2567199878394604,0.9009753465652466
22,Left Ankle,-0.025875508785247803,0.23231883347034454,0.4614381305873394,0.9379440546035767
22,Right Eye,0.04810434579849243,-0.25416506826877594,-0.2447235770523548,0.9992290735244751
22,Left Eye,0.051687657833099365,-0.25159376859664917,-0.20945626869797707,0.9985187649726868
22,Right Ear,0.03084319829940796,-0.258089542388916,-0.2576436884701252,0.9992585182189941
22,Left Ear,0.03760111331939697,-0.2534682899713516,-0.10531340166926384,0.9949482083320618
23,Nose,0.051489174365997314,-0.23935407400131226,-0.23014035820960999,0.9995021820068359
23,Neck,0.0012525618076324463,-0.19311867654323578,-0.1396353291347623,0.9998862147331238
23,Right Shoulder,-0.030289381742477417,-0.19836470484733582,-0.3064807951450348,0.9999642968177795
23,Right Elbow,-0.057245075702667236,-0.10504758358001709,-0.35659459233283997,0.9970242381095886
23,Right Wrist,-0.039103537797927856,-0.013159871101379395,-0.39919406175613403,0.9876533150672913
23,Left Shoulder,0.03279450535774231,-0.18787264823913574,0.027210136875510216,0.999808132648468
23,Left Elbow,0.032482266426086426,-0.0955142080783844,0.0941104143857956,0.646365761756897
23,Left Wrist,0.04787585139274597,-0.027782440185546875,-0.002269033109769225,0.7187860012054443
23,Right Hip,-0.015928536653518677,-0.0001386702060699463,-0.10735577344894409,0.9994253516197205
23,Right Knee,-0.0006544291973114014,0.13006499409675598,-0.1239437684416771,0.9613809585571289
23,Right Ankle,-0.023343026638031006,0.25660356879234314,-0.038944147527217865,0.9264635443687439
23,Left Hip,0.015928536653518677,0.0001386702060699463,0.10735577344894409,0.9991967082023621
23,Left Knee,-0.0031862854957580566,0.12093821167945862,0.29061368107795715,0.8622909188270569
23,Left Ankle,-0.02614647150039673,0.22999665141105652,0.5135630369186401,0.9157736301422119
23,Right Eye,0.04803645610809326,-0.2552073448896408,-0.24879196286201477,0.9992005825042725
23,Left Eye,0.05202081799507141,-0.25260309875011444,-0.2125099003314972,0.9983426928520203
23,Right Ear,0.031149327754974365,-0.2592194676399231,-0.2634824216365814,0.9992462992668152
23,Left Ear,0.038720667362213135,-0.2545607089996338,-0.10736083984375,0.9942215085029602
24,Nose,0.053812116384506226,-0.2420734018087387,-0.2094045765697956,0.999384880065918
24,Neck,0.002171352505683899,-0.19452029466629028,-0.13666369393467903,0.9998349547386169
24,Right Shoulder,-0.02542060613632202,-0.1986912339925766,-0.3137875981628895,0.9999667406082153
24,Right Elbow,-0.05141490697860718,-0.09898816049098969,-0.36362697556614876,0.9968860745429993
24,Right Wrist,-0.032350897789001465,-0.004671886563301086,-0.3952503390610218,0.9878093004226685
24,Left Shoulder,0.02976331114768982,-0.19034935534000397,0.04046021029353142,0.9997031688690186
24,Left Elbow,0.03031572699546814,-0.09465156495571136,0.11213038489222527,0.5924655199050903
24,Left Wrist,0.04523104429244995,-0.02711568772792816,0.033614058047533035,0.6670395135879517
24,Right Hip,-0.013810127973556519,0.00032179057598114014,-0.10986121371388435,0.9993538856506348
24,Right Knee,0.0009343922138214111,0.1347738355398178,-0.07959144189953804,0.9578419923782349
24,Right Ankle,-0.01198422908782959,0.26722149550914764,0.04553482308983803,0.9275520443916321
24,Left Hip,0.013810127973556519,-0.00032179057598114014,0.10986121371388435,0.998831033706665
24,Left Knee,-0.0014419853687286377,0.12421874701976776,0.2612432651221752,0.8153725862503052
24,Left Ankle,-0.02279093861579895,0.2365669459104538,0.45995349809527397,0.8805134892463684
24,Right Eye,0.050645262002944946,-0.25792883336544037,-0.23202644661068916,0.9990937113761902
24,Left Eye,0.05413588881492615,-0.2553034871816635,-0.19223317876458168,0.9979366660118103
24,Right Ear,0.03369346261024475,-0.26177337765693665,-0.2663229890167713,0.9991726875305176
24,Left Ear,0.040598779916763306,-0.2570944279432297,-0.09223105385899544,0.9931201934814453
25,Nose,0.05227077007293701,-0.24183690547943115,-0.16454722732305527,0.9993436932563782
25,Neck,0.0009367316961288452,-0.1959567368030548,-0.11476674303412437,0.9998035430908203
25,Right Shoulder,-0.02328994870185852,-0.19882690906524658,-0.29849667102098465,0.9999692440032959
25,Right Elbow,-0.04798665642738342,-0.09726160764694214,-0.3469357267022133,0.996670126914978
25,Right Wrist,-0.030355840921401978,-0.0013140439987182617,-0.37221748381853104,0.9877049922943115
25,Left Shoulder,0.02516341209411621,-0.19308656454086304,0.0689631849527359,0.9996378421783447
25,Left Elbow,0.026059895753860474,-0.09612041711807251,0.13780052214860916,0.5431547164916992
25,Left Wrist,0.040479302406311035,-0.026864975690841675,0.06263699382543564,0.6200330257415771
25,Right Hip,-0.012120544910430908,0.0010864734649658203,-0.11317998915910721,0.9993303418159485
25,Right Knee,0.0066111087799072266,0.13755136728286743,-0.08702360093593597,0.9578561782836914
25,Right Ankle,0.006501704454421997,0.2788636088371277,-0.006965511478483677,0.9307388663291931
25,Left Hip,0.012120544910430908,-0.0010864734649658203,0.11317998915910721,0.9985626339912415
25,Left Knee,-0.003072082996368408,0.1237226128578186,0.2692945823073387,0.7709817886352539
25,Left Ankle,-0.0239429771900177,0.2336106300354004,0.460811547935009,0.849944531917572
25,Right Eye,0.049511075019836426,-0.25809694826602936,-0.1889290139079094,0.9990746378898621
25,Left Eye,0.05312177538871765,-0.25544801354408264,-0.1481282338500023,0.9978147149085999
25,Right Ear,0.032709330320358276,-0.26275573670864105,-0.24255428463220596,0.9991573095321655
25,Left Ear,0.03990119695663452,-0.25818152725696564,-0.05678367242217064,0.9927641749382019
26,Nose,0.05508357286453247,-0.2412242889404297,-0.16572300717234612,0.9993520975112915
26,Neck,0.0030994713306427,-0.1946154236793518,-0.11423888057470322,0.9997999370098114
26,Right Shoulder,-0.01911187171936035,-0.19733938574790955,-0.29657528921961784,0.9999718070030212
26,Right Elbow,-0.045465707778930664,-0.09285587072372437,-0.34713102504611015,0.9965433478355408
26,Right Wrist,-0.027956515550613403,0.0018918812274932861,-0.36981550976634026,0.9877980947494507
26,Left Shoulder,0.025310814380645752,-0.19189146161079407,0.06809752807021141,0.9996280670166016
26,Left Elbow,0.02452230453491211,-0.09603971242904663,0.14495399966835976,0.5042515397071838
26,Left Wrist,0.04212594032287598,-0.028460651636123657,0.07826897874474525,0.5919324159622192
26,Right Hip,-0.011725813150405884,0.0009640157222747803,-0.11472896113991737,0.9993460178375244
26,Right Knee,0.011447519063949585,0.13209161162376404,-0.11632617935538292,0.9580455422401428
26,Right Ankle,0.015190541744232178,0.2740342915058136,-0.05775849148631096,0.9332467913627625
26,Left Hip,0.011725813150405884,-0.0009640157222747803,0.11472896113991737,0.9984460473060608
26,Left Knee,-0.0030417442321777344,0.12222424149513245,0.2828916199505329,0.7253230214118958
26,Left Ankle,-0.022817790508270264,0.2333342730998993,0.47991808131337166,0.8142039775848389
26,Right Eye,0.052515238523483276,-0.2578893005847931,-0.18994368240237236,0.9991062879562378
26,Left Eye,0.05565044283866882,-0.2555098831653595,-0.1492409072816372,0.9978637099266052
26,Right Ear,0.03577977418899536,-0.2619473338127136,-0.2436969093978405,0.9991845488548279
26,Left Ear,0.041645437479019165,-0.25803184509277344,-0.058304280042648315,0.9929286241531372
27,Nose,0.05311773717403412,-0.241456538438797,-0.16059928387403488,0.9993892312049866
27,Neck,0.0018442720174789429,-0.19534458220005035,-0.11364611983299255,0.9998027980327606
27,Right Shoulder,-0.020024850964546204,-0.19812223315238953,-0.29276009649038315,0.9999743700027466
27,Right Elbow,-0.04399688541889191,-0.09287652373313904,-0.3388326093554497,0.9965254664421082
27,Right Wrist,-0.0253019779920578,0.001804649829864502,-0.36264028400182724,0.9880061149597168
27,Left Shoulder,0.02371339499950409,-0.19256693124771118,0.06546785682439804,0.9996312260627747
27,Left Elbow,0.022437497973442078,-0.09828945994377136,0.13905563205480576,0.47056227922439575
27,Left Wrist,0.038787826895713806,-0.030299097299575806,0.07025451958179474,0.5662825703620911
27,Right Hip,-0.011008158326148987,0.0012709498405456543,-0.11242421716451645,0.9993900060653687
27,Right Knee,0.013094112277030945,0.13236570358276367,-0.12498416751623154,0.9604743719100952
27,Right Ankle,0.018686816096305847,0.27427005767822266,-0.08390463143587112,0.938031017780304
27,Left Hip,0.011008158326148987,-0.0012709498405456543,0.11242421716451645,0.9984452128410339
27,Left Knee,-0.007311418652534485,0.11976313591003418,0.2890821471810341,0.7013078331947327
27,Left Ankle,-0.028003975749015808,0.23040014505386353,0.48466337472200394,0.8062099814414978
27,Right Eye,0.050621554255485535,-0.2585730701684952,-0.1849239394068718,0.9991645216941833
27,Left Eye,0.053723230957984924,-0.2561960518360138,-0.14531487971544266,0.9979808926582336
27,Right Ear,0.033808931708335876,-0.26237595081329346,-0.2386283203959465,0.999234676361084
27,Left Ear,0.03988535702228546,-0.2586827427148819,-0.05780639499425888,0.9932856559753418
28,Nose,0.051074668765068054,-0.24145889282226562,-0.18550844490528107,0.999419093132019
28,Neck,0.0011389702558517456,-0.1946375072002411,-0.1335296295583248,0.9998029172420502
28,Right Shoulder,-0.020054057240486145,-0.19812530279159546,-0.31346046924591064,0.999976634979248
28,Right Elbow,-0.042280539870262146,-0.09002751111984253,-0.3641585111618042,0.9964192509651184
28,Right Wrist,-0.01993606984615326,0.007486671209335327,-0.38828229904174805,0.9878715872764587
28,Left Shoulder,0.022331997752189636,-0.19114971160888672,0.04640121012926102,0.9996291995048523
28,Left Elbow,0.02206270396709442,-0.09537315368652344,0.12211363017559052,0.4400404095649719
28,Left Wrist,0.03623010218143463,-0.02917894721031189,0.041171055287122726,0.5411278009414673
28,Right Hip,-0.010748878121376038,0.001687377691268921,-0.11226604878902435,0.9994251132011414
28,Right Knee,0.012751355767250061,0.13197872042655945,-0.11169493198394775,0.9622674584388733
28,Right Ankle,0.017777517437934875,0.275694340467453,-0.051109254360198975,0.9419522881507874
28,Left Hip,0.010748878121376038,-0.001687377691268921,0.11226604878902435,0.9984039068222046
28,Left Knee,-0.008067265152931213,0.11933061480522156,0.296423077583313,0.6755822896957397
28,Left Ankle,-0.03318105638027191,0.2297009527683258,0.5023064613342285,0.7928593158721924
28,Right Eye,0.04848070442676544,-0.2590785622596741,-0.20674316585063934,0.9992122054100037
28,Left Eye,0.05213524401187897,-0.25677093863487244,-0.1697942167520523,0.998077392578125
28,Right Ear,0.031238332390785217,-0.26299966871738434,-0.25993651151657104,0.9992772340774536
28,Left Ear,0.038518354296684265,-0.25933802127838135,-0.07357792556285858,0.9936237931251526
29,Nose,0.05088913440704346,-0.24313661456108093,-0.19978126883506775,0.9994285702705383
29,Neck,-0.0012071579694747925,-0.1941152960062027,-0.160205471329391,0.9997760057449341
29,Right Shoulder,-0.01957574486732483,-0.19569289684295654,-0.34788447618484497,0.999978244304657
29,Right Elbow,-0.038701534271240234,-0.08910635113716125,-0.4025000035762787,0.9963011145591736
29,Right Wrist,-0.015501409769058228,0.00687253475189209,-0.4125363230705261,0.987655520439148
29,Left Shoulder,0.017161428928375244,-0.19253769516944885,0.027473533526062965,0.9995737671852112
29,Left Elbow,0.014920055866241455,-0.09409627318382263,0.09536902606487274,0.4057829976081848
29,Left Wrist,0.030923575162887573,-0.01759582757949829,0.03904841095209122,0.5025233030319214
29,Right Hip,-0.008494436740875244,0.0019288063049316406,-0.11624454706907272,0.9994366765022278
29,Right Knee,0.011851400136947632,0.1335393786430359,-0.015920354053378105,0.9644989371299744
29,Right Ankle,0.010257750749588013,0.27213001251220703,0.12222815304994583,0.9468060731887817
29,Left Hip,0.008494436740875244,-0.0019288063049316406,0.11624454706907272,0.9984067678451538
29,Left Knee,-0.005085498094558716,0.11670130491256714,0.28151294589042664,0.6618489027023315
29,Left Ankle,-0.03558793663978577,0.22662699222564697,0.47704702615737915,0.7939955592155457
29,Right Eye,0.04821494221687317,-0.2598043978214264,-0.23107683658599854,0.9992297291755676
29,Left Eye,0.05156657099723816,-0.2580660879611969,-0.18774275481700897,0.998084306716919
29,Right Ear,0.030807316303253174,-0.26332278549671173,-0.2967718243598938,0.9992928504943848
29,Left Ear,0.037321120500564575,-0.26034703850746155,-0.10407561808824539,0.9937659502029419
